question,renewable energy,environmental science,long-term economic impact,can you explain the benefits and challenges of this topic?,curious,true,404784
question,renewable energy,environmental impact,solar power efficiency,how does this actually impact the environment in the long run?,curious,true,404784
question,quantum computing,scientific research,cryptography impact,how will this change security protocols in the near future,curious,true,783086
question,quantum computing,scientific research,cryptographic implications,how does this technology affect current security standards?,curious,true,783086
question,quantum computing,scientific research,current limitations,why is this technology still so difficult to implement in real world scenarios?,curious,true,783086
question,quantum computing,scientific research,cryptographic implications,how does this technology affect current security standards,curious,true,783086
question,quantum computing,scientific research,current industry limitations,why is this technology so difficult to implement at scale,curious,true,783086
question,climate change,scientific research,mitigation strategies,can you explain how these factors impact global temperatures?,curious,true,1733107
question,quantum computing,academic,error correction,can you explain how this works in modern systems,curious,true,783086
question,quantum computing,scientific research,cryptography impacts,how will this change online security standards in the near future,curious,true,783086
question,renewable energy,sustainability,solar panel efficiency,how does this work in domestic settings?,curious,true,404784
question,renewable energy,sustainability,solar panel efficiency,can you explain how these systems perform over time,curious,true,404784
question,quantum computing,scientific research,cryptographic implications,how does this technology affect current security standards,curious,true,783086
question,climate change,scientific research,mitigation strategies,how does this impact the global environment and what are the main solutions,curious,true,1733107
question,climate change,scientific research,mitigation strategies,how does this impact global temperatures,curious,true,1733107
question,climate change,scientific research,mitigation strategies,how does this affect our global future,curious,true,1733107
question,climate change,scientific research,mitigation strategies,how does this affect our future,curious,true,1733107
